name,phone,email,address,postalZip,region,country,numberrange,currency,list,text,alphanumeric
Astra Mcintosh,1-347-283-6462,non.arcu@google.couk,"P.O. Box 380, 8547 Non Ave",553287,Niedersachsen,United States,9,$92.41,7,"montes, nascetur ridiculus mus. Donec dignissim magna a tortor. Nunc",NLT55XWW0WI
Fay Morales,(540) 271-8478,nonummy.ultricies.ornare@google.edu,498-9384 Pretium Rd.,34559,Eastern Cape,Turkey,0,$93.36,1,"sem, vitae aliquam eros turpis non enim. Mauris quis turpis",CVR35HQS8DX
Jameson Willis,1-756-736-1204,commodo.at@aol.ca,"P.O. Box 106, 2527 Lobortis Street",412493,Nova Scotia,Nigeria,6,$21.32,1,"Suspendisse ac metus vitae velit egestas lacinia. Sed congue, elit",CFM63XIM3SI
Uma Goff,1-706-369-1938,egestas.lacinia.sed@outlook.ca,Ap #248-3292 Mi Street,9401,Lower Austria,Peru,6,$51.13,1,"faucibus ut, nulla. Cras eu tellus eu augue porttitor interdum.",VCF53RNT8CW
Neve Nelson,(596) 823-1750,mus.proin@icloud.couk,720-5121 Faucibus Street,L3H 6B1,Central Visayas,Germany,3,$66.75,17,"metus vitae velit egestas lacinia. Sed congue, elit sed consequat",IMR15OJB5WR
Risa Estrada,(307) 876-1887,faucibus.ut@outlook.org,6266 Diam Avenue,58683,Basilicata,New Zealand,8,$46.50,15,"imperdiet nec, leo. Morbi neque tellus, imperdiet non, vestibulum nec,",IIT11NYN2CS
Mohammad Bolton,(149) 595-3459,libero.nec@yahoo.edu,6875 Vehicula Rd.,99660,Lower Austria,China,6,$9.41,17,"euismod et, commodo at, libero. Morbi accumsan laoreet ipsum. Curabitur",XVT68GUB6DS
Mark Padilla,(866) 476-2119,augue.eu@outlook.ca,583-1300 Malesuada St.,B1T 9P4,Styria,Ireland,4,$38.01,5,Etiam bibendum fermentum metus. Aenean sed pede nec ante blandit,ELU36TCK1IN
Tasha Wiggins,(857) 318-2474,dignissim.lacus@hotmail.couk,"P.O. Box 210, 6119 Dictum Rd.",63157,İzmir,Costa Rica,10,$98.48,9,"augue scelerisque mollis. Phasellus libero mauris, aliquam eu, accumsan sed,",KTI38UFD5CB
Sara Hanson,1-530-971-7132,molestie@icloud.com,"P.O. Box 542, 2294 Vulputate, Avenue",4703,Östergötlands län,Italy,2,$9.96,19,nec urna suscipit nonummy. Fusce fermentum fermentum arcu. Vestibulum ante,XOP84JLD3DV
Dillon Joyner,1-249-810-5788,faucibus.orci@google.com,Ap #260-6816 Et Av.,10118,Ilocos Region,Singapore,5,$55.61,17,"posuere vulputate, lacus. Cras interdum. Nunc sollicitudin commodo ipsum. Suspendisse",LME78MLR3IJ
Perry Hansen,1-857-825-5496,enim.commodo@yahoo.net,Ap #714-2167 Auctor St.,17061,Munster,Australia,2,$21.70,1,neque. Sed eget lacus. Mauris non dui nec urna suscipit,FDX18GQU3QW
Charity Owens,(427) 872-6672,justo.proin@hotmail.ca,455-1490 Aliquet Av.,52187,Jönköpings län,Austria,5,$19.07,7,velit eu sem. Pellentesque ut ipsum ac mi eleifend egestas.,HBJ54FGE8EO
Cheryl Cherry,1-234-563-0108,posuere.enim@protonmail.edu,Ap #461-463 Ullamcorper Rd.,711177,San José,Russian Federation,7,$84.55,17,"nec, leo. Morbi neque tellus, imperdiet non, vestibulum nec, euismod",EFC42RNP1MB
Cynthia Mcgowan,1-505-763-2408,aliquam.ultrices.iaculis@outlook.edu,170-8525 Netus Rd.,N1 9MD,Jigawa,Spain,9,$75.05,1,Quisque tincidunt pede ac urna. Ut tincidunt vehicula risus. Nulla,OSF63FSU1RJ
Ali Osborn,(517) 623-4720,diam@hotmail.edu,4828 Nunc St.,7416,Dōngběi,Netherlands,6,$67.11,5,"aliquet odio. Etiam ligula tortor, dictum eu, placerat eget, venenatis",PLR86ELR3IK
Hilary Mcknight,(259) 376-7682,etiam.laoreet.libero@hotmail.couk,440-6228 Ornare St.,866241,Ogun,Spain,0,$75.05,19,"purus sapien, gravida non, sollicitudin a, malesuada id, erat. Etiam",IKS73CBY4MC
Myra Salazar,(658) 429-6315,vitae.aliquet.nec@protonmail.com,453-6328 Neque Avenue,466246,Bihar,Ukraine,8,$74.92,9,"tincidunt dui augue eu tellus. Phasellus elit pede, malesuada vel,",SMU95GCO6PK
Blythe Zamora,(697) 747-8331,cursus.nunc@outlook.couk,"Ap #846-1307 Sem, Ave",476848,Møre og Romsdal,Australia,3,$98.48,9,"Donec tempor, est ac mattis semper, dui lectus rutrum urna,",OOV58ZJO8SH
Clementine Gibson,1-979-683-7674,sed.tortor@protonmail.ca,Ap #392-5888 Metus. Road,361351,Smolensk Oblast,France,5,$36.07,3,metus facilisis lorem tristique aliquet. Phasellus fermentum convallis ligula. Donec,GRW37NDE6QT
Tarik Mcclain,1-261-544-3724,odio.tristique.pharetra@yahoo.ca,Ap #738-3618 Odio. Ave,66339,Sindh,China,8,$49.54,1,"augue id ante dictum cursus. Nunc mauris elit, dictum eu,",NVD24TZO7YF
Edan Holden,1-230-286-5554,montes.nascetur@icloud.ca,737-3536 Mattis Rd.,41331,Suffolk,South Korea,5,$10.64,9,Aliquam rutrum lorem ac risus. Morbi metus. Vivamus euismod urna.,VAV74JTQ5HB
Candice Walsh,1-444-492-8125,augue.scelerisque@google.edu,Ap #153-6318 Duis Ave,28516,Atacama,France,3,$41.96,7,urna. Nullam lobortis quam a felis ullamcorper viverra. Maecenas iaculis,YFC49JMZ3NK
Leonard Mclaughlin,(718) 666-6476,volutpat.ornare@hotmail.net,311-3659 Rhoncus. St.,75628,Stockholms län,Vietnam,3,$82.15,3,eget ipsum. Suspendisse sagittis. Nullam vitae diam. Proin dolor. Nulla,DMD13VFX6WX
Colleen Lopez,(667) 332-2637,urna.convallis@protonmail.ca,Ap #513-131 In Street,62722-38570,Friuli-Venezia Giulia,Ireland,4,$78.91,1,tempor arcu. Vestibulum ut eros non enim commodo hendrerit. Donec,KYL44OMU0IO
Desirae White,(121) 671-3873,non.enim@protonmail.couk,425-3826 Facilisis Street,435167,Niedersachsen,India,4,$57.31,5,consequat dolor vitae dolor. Donec fringilla. Donec feugiat metus sit,QBB26DNL0FZ
Leslie Todd,1-494-772-0156,eros.nec@google.org,199-170 Cursus Av.,23-68,Extremadura,Costa Rica,0,$48.83,9,"Aliquam nec enim. Nunc ut erat. Sed nunc est, mollis",RCG38RKH0NN
Aidan Pickett,1-415-732-2746,dolor.sit.amet@hotmail.com,380-5528 Phasellus St.,6739,Hà Tĩnh,New Zealand,6,$72.34,15,a sollicitudin orci sem eget massa. Suspendisse eleifend. Cras sed,XXX23BLQ7BE
Carter Snow,(429) 314-5214,lacinia@aol.org,Ap #139-9371 Ac Ave,872549,Vestland,Canada,1,$41.80,19,"Lorem ipsum dolor sit amet, consectetuer adipiscing elit. Aliquam auctor,",XZO19HVA7DS
Amir Ware,1-553-857-4838,diam.nunc.ullamcorper@protonmail.net,Ap #402-7314 Adipiscing Rd.,11654-62887,North Chungcheong,Spain,5,$13.85,9,"feugiat nec, diam. Duis mi enim, condimentum eget, volutpat ornare,",XQW61PGL3VP
Emmanuel Murray,1-952-641-4985,lacus@yahoo.com,"P.O. Box 694, 7408 Quam Avenue",374369,Yên Bái,Chile,2,$87.49,17,"sed, sapien. Nunc pulvinar arcu et pede. Nunc sed orci",KTK20CIR3PW
Fatima Park,1-397-992-4173,interdum.curabitur@icloud.org,9032 Convallis St.,20434,Trøndelag,Italy,2,$10.26,17,"auctor vitae, aliquet nec, imperdiet nec, leo. Morbi neque tellus,",SWK80TYQ8HI
Libby Kirk,(717) 533-2863,risus.odio.auctor@hotmail.ca,Ap #678-1815 Et Rd.,60379,Chihuahua,Singapore,10,$69.93,13,eget odio. Aliquam vulputate ullamcorper magna. Sed eu eros. Nam,TBM22KYH9EB
Ferris Crawford,1-621-359-7985,ultricies.sem@icloud.couk,161-1257 Sed St.,5629 WN,Gävleborgs län,Peru,6,$22.92,3,vitae erat vel pede blandit congue. In scelerisque scelerisque dui.,BXT36HHU9QM
Gabriel Bowen,1-914-861-5311,posuere.cubilia@hotmail.couk,"963-649 Eget, St.",8540,Antalya,South Korea,9,$59.72,19,non lorem vitae odio sagittis semper. Nam tempor diam dictum,YUR77RGL2OQ
